Pokemon ID,Base HP,Min. HP,Max. HP,Base Attack,Min. Attack,Max. Attack,Base Defense,Min. Defense,Max. Defense,Base Spd Attack,Min. Spd Attack,Max. Spd Attack,Base Spd Defense,Min. Spd Defense,Max. Spd Defense,Base Speed,Min. Speed,Max. Speed
1,45,200,294,49,92,216,49,92,216,65,121,251,65,121,251,45,85,207
2,60,230,324,62,116,245,63,117,247,80,148,284,80,148,284,60,112,240
3,80,270,364,82,152,289,83,153,291,100,184,328,100,184,328,80,148,284
4,39,188,282,52,98,223,43,81,203,60,112,240,50,94,218,65,121,251
5,58,226,320,64,119,249,58,108,236,80,148,284,65,121,251,80,148,284
6,78,266,360,84,155,293,78,144,280,109,200,348,85,157,295,100,184,328
7,44,198,292,48,90,214,65,121,251,50,94,218,64,119,249,43,81,203
8,59,228,322,63,117,247,80,148,284,65,121,251,80,148,284,58,108,236
9,79,268,362,83,153,291,100,184,328,85,157,295,105,193,339,78,144,280
10,45,200,294,30,58,174,35,67,185,20,40,152,20,40,152,45,85,207
11,50,210,304,20,40,152,55,103,229,25,49,163,25,49,163,30,58,174
12,60,230,324,45,85,207,50,94,218,90,166,306,80,148,284,70,130,262
13,40,190,284,35,67,185,30,58,174,20,40,152,20,40,152,50,94,218
14,45,200,294,25,49,163,50,94,218,25,49,163,25,49,163,35,67,185
15,65,240,334,90,166,306,40,76,196,45,85,207,80,148,284,75,139,273
16,40,190,284,45,85,207,40,76,196,35,67,185,35,67,185,56,105,232
17,63,236,330,60,112,240,55,103,229,50,94,218,50,94,218,71,132,265
18,83,276,370,80,148,284,75,139,273,70,130,262,70,130,262,101,186,331
19,30,170,264,56,105,232,35,67,185,25,49,163,35,67,185,72,134,267
20,55,220,314,81,150,287,60,112,240,50,94,218,70,130,262,97,179,322
21,40,190,284,60,112,240,30,58,174,31,60,177,31,60,177,70,130,262
22,65,240,334,90,166,306,65,121,251,61,114,243,61,114,243,100,184,328
23,35,180,274,60,112,240,44,83,205,40,76,196,54,101,227,55,103,229
24,60,230,324,95,175,317,69,128,260,65,121,251,79,146,282,80,148,284
25,35,180,274,55,103,229,40,76,196,50,94,218,50,94,218,90,166,306
26,60,230,324,90,166,306,55,103,229,90,166,306,80,148,284,110,202,350
27,50,210,304,75,139,273,85,157,295,20,40,152,30,58,174,40,76,196
28,75,260,354,100,184,328,110,202,350,45,85,207,55,103,229,65,121,251
29,55,220,314,47,89,212,52,98,223,40,76,196,40,76,196,41,78,199
30,70,250,344,62,116,245,67,125,256,55,103,229,55,103,229,56,105,232
31,90,290,384,92,170,311,87,161,300,75,139,273,85,157,295,76,141,276
32,46,202,296,57,107,234,40,76,196,40,76,196,40,76,196,50,94,218
33,61,232,326,72,134,267,57,107,234,55,103,229,55,103,229,65,121,251
34,81,272,366,102,188,333,77,143,278,85,157,295,75,139,273,85,157,295
35,70,250,344,45,85,207,48,90,214,60,112,240,65,121,251,35,67,185
36,95,300,394,70,130,262,73,135,269,95,175,317,90,166,306,60,112,240
37,38,186,280,41,78,199,40,76,196,50,94,218,65,121,251,65,121,251
38,73,256,350,76,141,276,75,139,273,81,150,287,100,184,328,100,184,328
39,115,340,434,45,85,207,20,40,152,45,85,207,25,49,163,20,40,152
40,140,390,484,70,130,262,45,85,207,85,157,295,50,94,218,45,85,207
41,40,190,284,45,85,207,35,67,185,30,58,174,40,76,196,55,103,229
42,75,260,354,80,148,284,70,130,262,65,121,251,75,139,273,90,166,306
43,45,200,294,50,94,218,55,103,229,75,139,273,65,121,251,30,58,174
44,60,230,324,65,121,251,70,130,262,85,157,295,75,139,273,40,76,196
45,75,260,354,80,148,284,85,157,295,110,202,350,90,166,306,50,94,218
46,35,180,274,70,130,262,55,103,229,45,85,207,55,103,229,25,49,163
47,60,230,324,95,175,317,80,148,284,60,112,240,80,148,284,30,58,174
48,60,230,324,55,103,229,50,94,218,40,76,196,55,103,229,45,85,207
49,70,250,344,65,121,251,60,112,240,90,166,306,75,139,273,90,166,306
50,10,130,224,55,103,229,25,49,163,35,67,185,45,85,207,95,175,317
51,35,180,274,100,184,328,50,94,218,50,94,218,70,130,262,120,220,372
52,40,190,284,45,85,207,35,67,185,40,76,196,40,76,196,90,166,306
53,65,240,334,70,130,262,60,112,240,65,121,251,65,121,251,115,211,361
54,50,210,304,52,98,223,48,90,214,65,121,251,50,94,218,55,103,229
55,80,270,364,82,152,289,78,144,280,95,175,317,80,148,284,85,157,295
56,40,190,284,80,148,284,35,67,185,35,67,185,45,85,207,70,130,262
57,65,240,334,105,193,339,60,112,240,60,112,240,70,130,262,95,175,317
58,55,220,314,70,130,262,45,85,207,70,130,262,50,94,218,60,112,240
59,90,290,384,110,202,350,80,148,284,100,184,328,80,148,284,95,175,317
60,40,190,284,50,94,218,40,76,196,40,76,196,40,76,196,90,166,306
61,65,240,334,65,121,251,65,121,251,50,94,218,50,94,218,90,166,306
62,90,290,384,95,175,317,95,175,317,70,130,262,90,166,306,70,130,262
63,25,160,254,20,40,152,15,31,141,105,193,339,55,103,229,90,166,306
64,40,190,284,35,67,185,30,58,174,120,220,372,70,130,262,105,193,339
65,55,220,314,50,94,218,45,85,207,135,247,405,95,175,317,120,220,372
66,70,250,344,80,148,284,50,94,218,35,67,185,35,67,185,35,67,185
67,80,270,364,100,184,328,70,130,262,50,94,218,60,112,240,45,85,207
68,90,290,384,130,238,394,80,148,284,65,121,251,85,157,295,55,103,229
69,50,210,304,75,139,273,35,67,185,70,130,262,30,58,174,40,76,196
70,65,240,334,90,166,306,50,94,218,85,157,295,45,85,207,55,103,229
71,80,270,364,105,193,339,65,121,251,100,184,328,70,130,262,70,130,262
72,40,190,284,40,76,196,35,67,185,50,94,218,100,184,328,70,130,262
73,80,270,364,70,130,262,65,121,251,80,148,284,120,220,372,100,184,328
74,40,190,284,80,148,284,100,184,328,30,58,174,30,58,174,20,40,152
75,55,220,314,95,175,317,115,211,361,45,85,207,45,85,207,35,67,185
76,80,270,364,120,220,372,130,238,394,55,103,229,65,121,251,45,85,207
77,50,210,304,85,157,295,55,103,229,65,121,251,65,121,251,90,166,306
78,65,240,334,100,184,328,70,130,262,80,148,284,80,148,284,105,193,339
79,90,290,384,65,121,251,65,121,251,40,76,196,40,76,196,15,31,141
80,95,300,394,75,139,273,110,202,350,100,184,328,80,148,284,30,58,174
81,25,160,254,35,67,185,70,130,262,95,175,317,55,103,229,45,85,207
82,50,210,304,60,112,240,95,175,317,120,220,372,70,130,262,70,130,262
83,52,214,308,90,166,306,55,103,229,58,108,236,62,116,245,60,112,240
84,35,180,274,85,157,295,45,85,207,35,67,185,35,67,185,75,139,273
85,60,230,324,110,202,350,70,130,262,60,112,240,60,112,240,110,202,350
86,65,240,334,45,85,207,55,103,229,45,85,207,70,130,262,45,85,207
87,90,290,384,70,130,262,80,148,284,70,130,262,95,175,317,70,130,262
88,80,270,364,80,148,284,50,94,218,40,76,196,50,94,218,25,49,163
89,105,320,414,105,193,339,75,139,273,65,121,251,100,184,328,50,94,218
90,30,170,264,65,121,251,100,184,328,45,85,207,25,49,163,40,76,196
91,50,210,304,95,175,317,180,328,504,85,157,295,45,85,207,70,130,262
92,30,170,264,35,67,185,30,58,174,100,184,328,35,67,185,80,148,284
93,45,200,294,50,94,218,45,85,207,115,211,361,55,103,229,95,175,317
94,60,230,324,65,121,251,60,112,240,130,238,394,75,139,273,110,202,350
95,35,180,274,45,85,207,160,292,460,30,58,174,45,85,207,70,130,262
96,60,230,324,48,90,214,45,85,207,43,81,203,90,166,306,42,80,201
97,85,280,374,73,135,269,70,130,262,73,135,269,115,211,361,67,125,256
98,30,170,264,105,193,339,90,166,306,25,49,163,25,49,163,50,94,218
99,55,220,314,130,238,394,115,211,361,50,94,218,50,94,218,75,139,273
100,40,190,284,30,58,174,50,94,218,55,103,229,55,103,229,100,184,328
101,60,230,324,50,94,218,70,130,262,80,148,284,80,148,284,150,274,438
102,60,230,324,40,76,196,80,148,284,60,112,240,45,85,207,40,76,196
103,95,300,394,95,175,317,85,157,295,125,229,383,75,139,273,55,103,229
104,50,210,304,50,94,218,95,175,317,40,76,196,50,94,218,35,67,185
105,60,230,324,80,148,284,110,202,350,50,94,218,80,148,284,45,85,207
106,50,210,304,120,220,372,53,99,225,35,67,185,110,202,350,87,161,300
107,50,210,304,105,193,339,79,146,282,35,67,185,110,202,350,76,141,276
108,90,290,384,55,103,229,75,139,273,60,112,240,75,139,273,30,58,174
109,40,190,284,65,121,251,95,175,317,60,112,240,45,85,207,35,67,185
110,65,240,334,90,166,306,120,220,372,85,157,295,70,130,262,60,112,240
111,80,270,364,85,157,295,95,175,317,30,58,174,30,58,174,25,49,163
112,105,320,414,130,238,394,120,220,372,45,85,207,45,85,207,40,76,196
113,250,610,704,5,13,119,5,13,119,35,67,185,105,193,339,50,94,218
114,65,240,334,55,103,229,115,211,361,100,184,328,40,76,196,60,112,240
115,105,320,414,95,175,317,80,148,284,40,76,196,80,148,284,90,166,306
116,30,170,264,40,76,196,70,130,262,70,130,262,25,49,163,60,112,240
117,55,220,314,65,121,251,95,175,317,95,175,317,45,85,207,85,157,295
118,45,200,294,67,125,256,60,112,240,35,67,185,50,94,218,63,117,247
119,80,270,364,92,170,311,65,121,251,65,121,251,80,148,284,68,126,258
120,30,170,264,45,85,207,55,103,229,70,130,262,55,103,229,85,157,295
121,60,230,324,75,139,273,85,157,295,100,184,328,85,157,295,115,211,361
122,40,190,284,45,85,207,65,121,251,100,184,328,120,220,372,90,166,306
123,70,250,344,110,202,350,80,148,284,55,103,229,80,148,284,105,193,339
124,65,240,334,50,94,218,35,67,185,115,211,361,95,175,317,95,175,317
125,65,240,334,83,153,291,57,107,234,95,175,317,85,157,295,105,193,339
126,65,240,334,95,175,317,57,107,234,100,184,328,85,157,295,93,171,313
127,65,240,334,125,229,383,100,184,328,55,103,229,70,130,262,85,157,295
128,75,260,354,100,184,328,95,175,317,40,76,196,70,130,262,110,202,350
129,20,150,244,10,22,130,55,103,229,15,31,141,20,40,152,80,148,284
130,95,300,394,125,229,383,79,146,282,60,112,240,100,184,328,81,150,287
131,130,370,464,85,157,295,80,148,284,85,157,295,95,175,317,60,112,240
132,48,206,300,48,90,214,48,90,214,48,90,214,48,90,214,48,90,214
133,55,220,314,55,103,229,50,94,218,45,85,207,65,121,251,55,103,229
134,130,370,464,65,121,251,60,112,240,110,202,350,95,175,317,65,121,251
135,65,240,334,65,121,251,60,112,240,110,202,350,95,175,317,130,238,394
136,65,240,334,130,238,394,60,112,240,95,175,317,110,202,350,65,121,251
137,65,240,334,60,112,240,70,130,262,85,157,295,75,139,273,40,76,196
138,35,180,274,40,76,196,100,184,328,90,166,306,55,103,229,35,67,185
139,70,250,344,60,112,240,125,229,383,115,211,361,70,130,262,55,103,229
140,30,170,264,80,148,284,90,166,306,55,103,229,45,85,207,55,103,229
141,60,230,324,115,211,361,105,193,339,65,121,251,70,130,262,80,148,284
142,80,270,364,105,193,339,65,121,251,60,112,240,75,139,273,130,238,394
143,160,430,524,110,202,350,65,121,251,65,121,251,110,202,350,30,58,174
144,90,290,384,85,157,295,100,184,328,95,175,317,125,229,383,85,157,295
145,90,290,384,90,166,306,85,157,295,125,229,383,90,166,306,100,184,328
146,90,290,384,100,184,328,90,166,306,125,229,383,85,157,295,90,166,306
147,41,192,286,64,119,249,45,85,207,50,94,218,50,94,218,50,94,218
148,61,232,326,84,155,293,65,121,251,70,130,262,70,130,262,70,130,262
149,91,292,386,134,245,403,95,175,317,100,184,328,100,184,328,80,148,284
150,106,322,416,110,202,350,90,166,306,154,281,447,90,166,306,130,238,394
151,100,310,404,100,184,328,100,184,328,100,184,328,100,184,328,100,184,328
152,45,200,294,49,92,216,65,121,251,49,92,216,65,121,251,45,85,207
153,60,230,324,62,116,245,80,148,284,63,117,247,80,148,284,60,112,240
154,80,270,364,82,152,289,100,184,328,83,153,291,100,184,328,80,148,284
155,39,188,282,52,98,223,43,81,203,60,112,240,50,94,218,65,121,251
156,58,226,320,64,119,249,58,108,236,80,148,284,65,121,251,80,148,284
157,78,266,360,84,155,293,78,144,280,109,200,348,85,157,295,100,184,328
158,50,210,304,65,121,251,64,119,249,44,83,205,48,90,214,43,81,203
159,65,240,334,80,148,284,80,148,284,59,110,238,63,117,247,58,108,236
160,85,280,374,105,193,339,100,184,328,79,146,282,83,153,291,78,144,280
161,35,180,274,46,87,210,34,65,183,35,67,185,45,85,207,20,40,152
162,85,280,374,76,141,276,64,119,249,45,85,207,55,103,229,90,166,306
163,60,230,324,30,58,174,30,58,174,36,69,188,56,105,232,50,94,218
164,100,310,404,50,94,218,50,94,218,86,159,298,96,177,320,70,130,262
165,40,190,284,20,40,152,30,58,174,40,76,196,80,148,284,55,103,229
166,55,220,314,35,67,185,50,94,218,55,103,229,110,202,350,85,157,295
167,40,190,284,60,112,240,40,76,196,40,76,196,40,76,196,30,58,174
168,70,250,344,90,166,306,70,130,262,60,112,240,70,130,262,40,76,196
169,85,280,374,90,166,306,80,148,284,70,130,262,80,148,284,130,238,394
170,75,260,354,38,72,192,38,72,192,56,105,232,56,105,232,67,125,256
171,125,360,454,58,108,236,58,108,236,76,141,276,76,141,276,67,125,256
172,20,150,244,40,76,196,15,31,141,35,67,185,35,67,185,60,112,240
173,50,210,304,25,49,163,28,54,170,45,85,207,55,103,229,15,31,141
174,90,290,384,30,58,174,15,31,141,40,76,196,20,40,152,15,31,141
175,35,180,274,20,40,152,65,121,251,40,76,196,65,121,251,20,40,152
176,55,220,314,40,76,196,85,157,295,80,148,284,105,193,339,40,76,196
177,40,190,284,50,94,218,45,85,207,70,130,262,45,85,207,70,130,262
178,65,240,334,75,139,273,70,130,262,95,175,317,70,130,262,95,175,317
179,55,220,314,40,76,196,40,76,196,65,121,251,45,85,207,35,67,185
180,70,250,344,55,103,229,55,103,229,80,148,284,60,112,240,45,85,207
181,90,290,384,75,139,273,85,157,295,115,211,361,90,166,306,55,103,229
182,75,260,354,80,148,284,95,175,317,90,166,306,100,184,328,50,94,218
183,70,250,344,20,40,152,50,94,218,20,40,152,50,94,218,40,76,196
184,100,310,404,50,94,218,80,148,284,60,112,240,80,148,284,50,94,218
185,70,250,344,100,184,328,115,211,361,30,58,174,65,121,251,30,58,174
186,90,290,384,75,139,273,75,139,273,90,166,306,100,184,328,70,130,262
187,35,180,274,35,67,185,40,76,196,35,67,185,55,103,229,50,94,218
188,55,220,314,45,85,207,50,94,218,45,85,207,65,121,251,80,148,284
189,75,260,354,55,103,229,70,130,262,55,103,229,95,175,317,110,202,350
190,55,220,314,70,130,262,55,103,229,40,76,196,55,103,229,85,157,295
191,30,170,264,30,58,174,30,58,174,30,58,174,30,58,174,30,58,174
192,75,260,354,75,139,273,55,103,229,105,193,339,85,157,295,30,58,174
193,65,240,334,65,121,251,45,85,207,75,139,273,45,85,207,95,175,317
194,55,220,314,45,85,207,45,85,207,25,49,163,25,49,163,15,31,141
195,95,300,394,85,157,295,85,157,295,65,121,251,65,121,251,35,67,185
196,65,240,334,65,121,251,60,112,240,130,238,394,95,175,317,110,202,350
197,95,300,394,65,121,251,110,202,350,60,112,240,130,238,394,65,121,251
198,60,230,324,85,157,295,42,80,201,85,157,295,42,80,201,91,168,309
199,95,300,394,75,139,273,80,148,284,100,184,328,110,202,350,30,58,174
200,60,230,324,60,112,240,60,112,240,85,157,295,85,157,295,85,157,295
201,48,206,300,72,134,267,48,90,214,72,134,267,48,90,214,48,90,214
202,190,490,584,33,63,181,58,108,236,33,63,181,58,108,236,33,63,181
203,70,250,344,80,148,284,65,121,251,90,166,306,65,121,251,85,157,295
204,50,210,304,65,121,251,90,166,306,35,67,185,35,67,185,15,31,141
205,75,260,354,90,166,306,140,256,416,60,112,240,60,112,240,40,76,196
206,100,310,404,70,130,262,70,130,262,65,121,251,65,121,251,45,85,207
207,65,240,334,75,139,273,105,193,339,35,67,185,65,121,251,85,157,295
208,75,260,354,85,157,295,200,364,548,55,103,229,65,121,251,30,58,174
209,60,230,324,80,148,284,50,94,218,40,76,196,40,76,196,30,58,174
210,90,290,384,120,220,372,75,139,273,60,112,240,60,112,240,45,85,207
211,65,240,334,95,175,317,85,157,295,55,103,229,55,103,229,85,157,295
212,70,250,344,130,238,394,100,184,328,55,103,229,80,148,284,65,121,251
213,20,150,244,10,22,130,230,418,614,10,22,130,230,418,614,5,13,119
214,80,270,364,125,229,383,75,139,273,40,76,196,95,175,317,85,157,295
215,55,220,314,95,175,317,55,103,229,35,67,185,75,139,273,115,211,361
216,60,230,324,80,148,284,50,94,218,50,94,218,50,94,218,40,76,196
217,90,290,384,130,238,394,75,139,273,75,139,273,75,139,273,55,103,229
218,40,190,284,40,76,196,40,76,196,70,130,262,40,76,196,20,40,152
219,60,230,324,50,94,218,120,220,372,90,166,306,80,148,284,30,58,174
220,50,210,304,50,94,218,40,76,196,30,58,174,30,58,174,50,94,218
221,100,310,404,100,184,328,80,148,284,60,112,240,60,112,240,50,94,218
222,65,240,334,55,103,229,95,175,317,65,121,251,95,175,317,35,67,185
223,35,180,274,65,121,251,35,67,185,65,121,251,35,67,185,65,121,251
224,75,260,354,105,193,339,75,139,273,105,193,339,75,139,273,45,85,207
225,45,200,294,55,103,229,45,85,207,65,121,251,45,85,207,75,139,273
226,85,280,374,40,76,196,70,130,262,80,148,284,140,256,416,70,130,262
227,65,240,334,80,148,284,140,256,416,40,76,196,70,130,262,70,130,262
228,45,200,294,60,112,240,30,58,174,80,148,284,50,94,218,65,121,251
229,75,260,354,90,166,306,50,94,218,110,202,350,80,148,284,95,175,317
230,75,260,354,95,175,317,95,175,317,95,175,317,95,175,317,85,157,295
231,90,290,384,60,112,240,60,112,240,40,76,196,40,76,196,40,76,196
232,90,290,384,120,220,372,120,220,372,60,112,240,60,112,240,50,94,218
233,85,280,374,80,148,284,90,166,306,105,193,339,95,175,317,60,112,240
234,73,256,350,95,175,317,62,116,245,85,157,295,65,121,251,85,157,295
235,55,220,314,20,40,152,35,67,185,20,40,152,45,85,207,75,139,273
236,35,180,274,35,67,185,35,67,185,35,67,185,35,67,185,35,67,185
237,50,210,304,95,175,317,95,175,317,35,67,185,110,202,350,70,130,262
238,45,200,294,30,58,174,15,31,141,85,157,295,65,121,251,65,121,251
239,45,200,294,63,117,247,37,71,190,65,121,251,55,103,229,95,175,317
240,45,200,294,75,139,273,37,71,190,70,130,262,55,103,229,83,153,291
241,95,300,394,80,148,284,105,193,339,40,76,196,70,130,262,100,184,328
242,255,620,714,10,22,130,10,22,130,75,139,273,135,247,405,55,103,229
243,90,290,384,85,157,295,75,139,273,115,211,361,100,184,328,115,211,361
244,115,340,434,115,211,361,85,157,295,90,166,306,75,139,273,100,184,328
245,100,310,404,75,139,273,115,211,361,90,166,306,115,211,361,85,157,295
246,50,210,304,64,119,249,50,94,218,45,85,207,50,94,218,41,78,199
247,70,250,344,84,155,293,70,130,262,65,121,251,70,130,262,51,96,221
248,100,310,404,134,245,403,110,202,350,95,175,317,100,184,328,61,114,243
249,106,322,416,90,166,306,130,238,394,90,166,306,154,281,447,110,202,350
250,106,322,416,130,238,394,90,166,306,110,202,350,154,281,447,90,166,306
251,100,310,404,100,184,328,100,184,328,100,184,328,100,184,328,100,184,328
252,40,190,284,45,85,207,35,67,185,65,121,251,55,103,229,70,130,262
253,50,210,304,65,121,251,45,85,207,85,157,295,65,121,251,95,175,317
254,70,250,344,85,157,295,65,121,251,105,193,339,85,157,295,120,220,372
255,45,200,294,60,112,240,40,76,196,70,130,262,50,94,218,45,85,207
256,60,230,324,85,157,295,60,112,240,85,157,295,60,112,240,55,103,229
257,80,270,364,120,220,372,70,130,262,110,202,350,70,130,262,80,148,284
258,50,210,304,70,130,262,50,94,218,50,94,218,50,94,218,40,76,196
259,70,250,344,85,157,295,70,130,262,60,112,240,70,130,262,50,94,218
260,100,310,404,110,202,350,90,166,306,85,157,295,90,166,306,60,112,240
261,35,180,274,55,103,229,35,67,185,30,58,174,30,58,174,35,67,185
262,70,250,344,90,166,306,70,130,262,60,112,240,60,112,240,70,130,262
263,38,186,280,30,58,174,41,78,199,30,58,174,41,78,199,60,112,240
264,78,266,360,70,130,262,61,114,243,50,94,218,61,114,243,100,184,328
265,45,200,294,45,85,207,35,67,185,20,40,152,30,58,174,20,40,152
266,50,210,304,35,67,185,55,103,229,25,49,163,25,49,163,15,31,141
267,60,230,324,70,130,262,50,94,218,100,184,328,50,94,218,65,121,251
268,50,210,304,35,67,185,55,103,229,25,49,163,25,49,163,15,31,141
269,60,230,324,50,94,218,70,130,262,50,94,218,90,166,306,65,121,251
270,40,190,284,30,58,174,30,58,174,40,76,196,50,94,218,30,58,174
271,60,230,324,50,94,218,50,94,218,60,112,240,70,130,262,50,94,218
272,80,270,364,70,130,262,70,130,262,90,166,306,100,184,328,70,130,262
273,40,190,284,40,76,196,50,94,218,30,58,174,30,58,174,30,58,174
274,70,250,344,70,130,262,40,76,196,60,112,240,40,76,196,60,112,240
275,90,290,384,100,184,328,60,112,240,90,166,306,60,112,240,80,148,284
276,40,190,284,55,103,229,30,58,174,30,58,174,30,58,174,85,157,295
277,60,230,324,85,157,295,60,112,240,75,139,273,50,94,218,125,229,383
278,40,190,284,30,58,174,30,58,174,55,103,229,30,58,174,85,157,295
279,60,230,324,50,94,218,100,184,328,95,175,317,70,130,262,65,121,251
280,28,166,260,25,49,163,25,49,163,45,85,207,35,67,185,40,76,196
281,38,186,280,35,67,185,35,67,185,65,121,251,55,103,229,50,94,218
282,68,246,340,65,121,251,65,121,251,125,229,383,115,211,361,80,148,284
283,40,190,284,30,58,174,32,62,179,50,94,218,52,98,223,65,121,251
284,70,250,344,60,112,240,62,116,245,100,184,328,82,152,289,80,148,284
285,60,230,324,40,76,196,60,112,240,40,76,196,60,112,240,35,67,185
286,60,230,324,130,238,394,80,148,284,60,112,240,60,112,240,70,130,262
287,60,230,324,60,112,240,60,112,240,35,67,185,35,67,185,30,58,174
288,80,270,364,80,148,284,80,148,284,55,103,229,55,103,229,90,166,306
289,150,410,504,160,292,460,100,184,328,95,175,317,65,121,251,100,184,328
290,31,172,266,45,85,207,90,166,306,30,58,174,30,58,174,40,76,196
291,61,232,326,90,166,306,45,85,207,50,94,218,50,94,218,160,292,460
292,1,1,1,90,166,306,45,85,207,30,58,174,30,58,174,40,76,196
293,64,238,332,51,96,221,23,45,159,51,96,221,23,45,159,28,54,170
294,84,278,372,71,132,265,43,81,203,71,132,265,43,81,203,48,90,214
295,104,318,412,91,168,309,63,117,247,91,168,309,73,135,269,68,126,258
296,72,254,348,60,112,240,30,58,174,20,40,152,30,58,174,25,49,163
297,144,398,492,120,220,372,60,112,240,40,76,196,60,112,240,50,94,218
298,50,210,304,20,40,152,40,76,196,20,40,152,40,76,196,20,40,152
299,30,170,264,45,85,207,135,247,405,45,85,207,90,166,306,30,58,174
300,50,210,304,45,85,207,45,85,207,35,67,185,35,67,185,50,94,218
301,70,250,344,65,121,251,65,121,251,55,103,229,55,103,229,90,166,306
302,50,210,304,75,139,273,75,139,273,65,121,251,65,121,251,50,94,218
303,50,210,304,85,157,295,85,157,295,55,103,229,55,103,229,50,94,218
304,50,210,304,70,130,262,100,184,328,40,76,196,40,76,196,30,58,174
305,60,230,324,90,166,306,140,256,416,50,94,218,50,94,218,40,76,196
306,70,250,344,110,202,350,180,328,504,60,112,240,60,112,240,50,94,218
307,30,170,264,40,76,196,55,103,229,40,76,196,55,103,229,60,112,240
308,60,230,324,60,112,240,75,139,273,60,112,240,75,139,273,80,148,284
309,40,190,284,45,85,207,40,76,196,65,121,251,40,76,196,65,121,251
310,70,250,344,75,139,273,60,112,240,105,193,339,60,112,240,105,193,339
311,60,230,324,50,94,218,40,76,196,85,157,295,75,139,273,95,175,317
312,60,230,324,40,76,196,50,94,218,75,139,273,85,157,295,95,175,317
313,65,240,334,73,135,269,75,139,273,47,89,212,85,157,295,85,157,295
314,65,240,334,47,89,212,75,139,273,73,135,269,85,157,295,85,157,295
315,50,210,304,60,112,240,45,85,207,100,184,328,80,148,284,65,121,251
316,70,250,344,43,81,203,53,99,225,43,81,203,53,99,225,40,76,196
317,100,310,404,73,135,269,83,153,291,73,135,269,83,153,291,55,103,229
318,45,200,294,90,166,306,20,40,152,65,121,251,20,40,152,65,121,251
319,70,250,344,120,220,372,40,76,196,95,175,317,40,76,196,95,175,317
320,130,370,464,70,130,262,35,67,185,70,130,262,35,67,185,60,112,240
321,170,450,544,90,166,306,45,85,207,90,166,306,45,85,207,60,112,240
322,60,230,324,60,112,240,40,76,196,65,121,251,45,85,207,35,67,185
323,70,250,344,100,184,328,70,130,262,105,193,339,75,139,273,40,76,196
324,70,250,344,85,157,295,140,256,416,85,157,295,70,130,262,20,40,152
325,60,230,324,25,49,163,35,67,185,70,130,262,80,148,284,60,112,240
326,80,270,364,45,85,207,65,121,251,90,166,306,110,202,350,80,148,284
327,60,230,324,60,112,240,60,112,240,60,112,240,60,112,240,60,112,240
328,45,200,294,100,184,328,45,85,207,45,85,207,45,85,207,10,22,130
329,50,210,304,70,130,262,50,94,218,50,94,218,50,94,218,70,130,262
330,80,270,364,100,184,328,80,148,284,80,148,284,80,148,284,100,184,328
331,50,210,304,85,157,295,40,76,196,85,157,295,40,76,196,35,67,185
332,70,250,344,115,211,361,60,112,240,115,211,361,60,112,240,55,103,229
333,45,200,294,40,76,196,60,112,240,40,76,196,75,139,273,50,94,218
334,75,260,354,70,130,262,90,166,306,70,130,262,105,193,339,80,148,284
335,73,256,350,115,211,361,60,112,240,60,112,240,60,112,240,90,166,306
336,73,256,350,100,184,328,60,112,240,100,184,328,60,112,240,65,121,251
337,90,290,384,55,103,229,65,121,251,95,175,317,85,157,295,70,130,262
338,90,290,384,95,175,317,85,157,295,55,103,229,65,121,251,70,130,262
339,50,210,304,48,90,214,43,81,203,46,87,210,41,78,199,60,112,240
340,110,330,424,78,144,280,73,135,269,76,141,276,71,132,265,60,112,240
341,43,196,290,80,148,284,65,121,251,50,94,218,35,67,185,35,67,185
342,63,236,330,120,220,372,85,157,295,90,166,306,55,103,229,55,103,229
343,40,190,284,40,76,196,55,103,229,40,76,196,70,130,262,55,103,229
344,60,230,324,70,130,262,105,193,339,70,130,262,120,220,372,75,139,273
345,66,242,336,41,78,199,77,143,278,61,114,243,87,161,300,23,45,159
346,86,282,376,81,150,287,97,179,322,81,150,287,107,197,344,43,81,203
347,45,200,294,95,175,317,50,94,218,40,76,196,50,94,218,75,139,273
348,75,260,354,125,229,383,100,184,328,70,130,262,80,148,284,45,85,207
349,20,150,244,15,31,141,20,40,152,10,22,130,55,103,229,80,148,284
350,95,300,394,60,112,240,79,146,282,100,184,328,125,229,383,81,150,287
351,70,250,344,70,130,262,70,130,262,70,130,262,70,130,262,70,130,262
352,60,230,324,90,166,306,70,130,262,60,112,240,120,220,372,40,76,196
353,44,198,292,75,139,273,35,67,185,63,117,247,33,63,181,45,85,207
354,64,238,332,115,211,361,65,121,251,83,153,291,63,117,247,65,121,251
355,20,150,244,40,76,196,90,166,306,30,58,174,90,166,306,25,49,163
356,40,190,284,70,130,262,130,238,394,60,112,240,130,238,394,25,49,163
357,99,308,402,68,126,258,83,153,291,72,134,267,87,161,300,51,96,221
358,75,260,354,50,94,218,80,148,284,95,175,317,90,166,306,65,121,251
359,65,240,334,130,238,394,60,112,240,75,139,273,60,112,240,75,139,273
360,95,300,394,23,45,159,48,90,214,23,45,159,48,90,214,23,45,159
361,50,210,304,50,94,218,50,94,218,50,94,218,50,94,218,50,94,218
362,80,270,364,80,148,284,80,148,284,80,148,284,80,148,284,80,148,284
363,70,250,344,40,76,196,50,94,218,55,103,229,50,94,218,25,49,163
364,90,290,384,60,112,240,70,130,262,75,139,273,70,130,262,45,85,207
365,110,330,424,80,148,284,90,166,306,95,175,317,90,166,306,65,121,251
366,35,180,274,64,119,249,85,157,295,74,137,271,55,103,229,32,62,179
367,55,220,314,104,191,337,105,193,339,94,173,315,75,139,273,52,98,223
368,55,220,314,84,155,293,105,193,339,114,209,359,75,139,273,52,98,223
369,100,310,404,90,166,306,130,238,394,45,85,207,65,121,251,55,103,229
370,43,196,290,30,58,174,55,103,229,40,76,196,65,121,251,97,179,322
371,45,200,294,75,139,273,60,112,240,40,76,196,30,58,174,50,94,218
372,65,240,334,95,175,317,100,184,328,60,112,240,50,94,218,50,94,218
373,95,300,394,135,247,405,80,148,284,110,202,350,80,148,284,100,184,328
374,40,190,284,55,103,229,80,148,284,35,67,185,60,112,240,30,58,174
375,60,230,324,75,139,273,100,184,328,55,103,229,80,148,284,50,94,218
376,80,270,364,135,247,405,130,238,394,95,175,317,90,166,306,70,130,262
377,80,270,364,100,184,328,200,364,548,50,94,218,100,184,328,50,94,218
378,80,270,364,50,94,218,100,184,328,100,184,328,200,364,548,50,94,218
379,80,270,364,75,139,273,150,274,438,75,139,273,150,274,438,50,94,218
380,80,270,364,80,148,284,90,166,306,110,202,350,130,238,394,110,202,350
381,80,270,364,90,166,306,80,148,284,130,238,394,110,202,350,110,202,350
382,100,310,404,100,184,328,90,166,306,150,274,438,140,256,416,90,166,306
383,100,310,404,150,274,438,140,256,416,100,184,328,90,166,306,90,166,306
384,105,320,414,150,274,438,90,166,306,150,274,438,90,166,306,95,175,317
385,100,310,404,100,184,328,100,184,328,100,184,328,100,184,328,100,184,328
386,50,210,304,150,274,438,50,94,218,150,274,438,50,94,218,150,274,438
387,55,220,314,68,126,258,64,119,249,45,85,207,55,103,229,31,60,177
388,75,260,354,89,164,304,85,157,295,55,103,229,65,121,251,36,69,188
389,95,300,394,109,200,348,105,193,339,75,139,273,85,157,295,56,105,232
390,44,198,292,58,108,236,44,83,205,58,108,236,44,83,205,61,114,243
391,64,238,332,78,144,280,52,98,223,78,144,280,52,98,223,81,150,287
392,76,262,356,104,191,337,71,132,265,104,191,337,71,132,265,108,198,346
393,53,216,310,51,96,221,53,99,225,61,114,243,56,105,232,40,76,196
394,64,238,332,66,123,254,68,126,258,81,150,287,76,141,276,50,94,218
395,84,278,372,86,159,298,88,162,302,111,204,353,101,186,331,60,112,240
396,40,190,284,55,103,229,30,58,174,30,58,174,30,58,174,60,112,240
397,55,220,314,75,139,273,50,94,218,40,76,196,40,76,196,80,148,284
398,85,280,374,120,220,372,70,130,262,50,94,218,60,112,240,100,184,328
399,59,228,322,45,85,207,40,76,196,35,67,185,40,76,196,31,60,177
400,79,268,362,85,157,295,60,112,240,55,103,229,60,112,240,71,132,265
401,37,184,278,25,49,163,41,78,199,25,49,163,41,78,199,25,49,163
402,77,264,358,85,157,295,51,96,221,55,103,229,51,96,221,65,121,251
403,45,200,294,65,121,251,34,65,183,40,76,196,34,65,183,45,85,207
404,60,230,324,85,157,295,49,92,216,60,112,240,49,92,216,60,112,240
405,80,270,364,120,220,372,79,146,282,95,175,317,79,146,282,70,130,262
406,40,190,284,30,58,174,35,67,185,50,94,218,70,130,262,55,103,229
407,60,230,324,70,130,262,65,121,251,125,229,383,105,193,339,90,166,306
408,67,244,338,125,229,383,40,76,196,30,58,174,30,58,174,58,108,236
409,97,304,398,165,301,471,60,112,240,65,121,251,50,94,218,58,108,236
410,30,170,264,42,80,201,118,216,368,42,80,201,88,162,302,30,58,174
411,60,230,324,52,98,223,168,306,478,47,89,212,138,252,412,30,58,174
412,40,190,284,29,56,172,45,85,207,29,56,172,45,85,207,36,69,188
413,60,230,324,59,110,238,85,157,295,79,146,282,105,193,339,36,69,188
414,70,250,344,94,173,315,50,94,218,94,173,315,50,94,218,66,123,254
415,30,170,264,30,58,174,42,80,201,30,58,174,42,80,201,70,130,262
416,70,250,344,80,148,284,102,188,333,80,148,284,102,188,333,40,76,196
417,60,230,324,45,85,207,70,130,262,45,85,207,90,166,306,95,175,317
418,55,220,314,65,121,251,35,67,185,60,112,240,30,58,174,85,157,295
419,85,280,374,105,193,339,55,103,229,85,157,295,50,94,218,115,211,361
420,45,200,294,35,67,185,45,85,207,62,116,245,53,99,225,35,67,185
421,70,250,344,60,112,240,70,130,262,87,161,300,78,144,280,85,157,295
422,76,262,356,48,90,214,48,90,214,57,107,234,62,116,245,34,65,183
423,111,332,426,83,153,291,68,126,258,92,170,311,82,152,289,39,74,194
424,75,260,354,100,184,328,66,123,254,60,112,240,66,123,254,115,211,361
425,90,290,384,50,94,218,34,65,183,60,112,240,44,83,205,70,130,262
426,150,410,504,80,148,284,44,83,205,90,166,306,54,101,227,80,148,284
427,55,220,314,66,123,254,44,83,205,44,83,205,56,105,232,85,157,295
428,65,240,334,76,141,276,84,155,293,54,101,227,96,177,320,105,193,339
429,60,230,324,60,112,240,60,112,240,105,193,339,105,193,339,105,193,339
430,100,310,404,125,229,383,52,98,223,105,193,339,52,98,223,71,132,265
431,49,208,302,55,103,229,42,80,201,42,80,201,37,71,190,85,157,295
432,71,252,346,82,152,289,64,119,249,64,119,249,59,110,238,112,206,355
433,45,200,294,30,58,174,50,94,218,65,121,251,50,94,218,45,85,207
434,63,236,330,63,117,247,47,89,212,41,78,199,41,78,199,74,137,271
435,103,316,410,93,171,313,67,125,256,71,132,265,61,114,243,84,155,293
436,57,224,318,24,47,161,86,159,298,24,47,161,86,159,298,23,45,159
437,67,244,338,89,164,304,116,213,364,79,146,282,116,213,364,33,63,181
438,50,210,304,80,148,284,95,175,317,10,22,130,45,85,207,10,22,130
439,20,150,244,25,49,163,45,85,207,70,130,262,90,166,306,60,112,240
440,100,310,404,5,13,119,5,13,119,15,31,141,65,121,251,30,58,174
441,76,262,356,65,121,251,45,85,207,92,170,311,42,80,201,91,168,309
442,50,210,304,92,170,311,108,198,346,92,170,311,108,198,346,35,67,185
443,58,226,320,70,130,262,45,85,207,40,76,196,45,85,207,42,80,201
444,68,246,340,90,166,306,65,121,251,50,94,218,55,103,229,82,152,289
445,108,326,420,130,238,394,95,175,317,80,148,284,85,157,295,102,188,333
446,135,380,474,85,157,295,40,76,196,40,76,196,85,157,295,5,13,119
447,40,190,284,70,130,262,40,76,196,35,67,185,40,76,196,60,112,240
448,70,250,344,110,202,350,70,130,262,115,211,361,70,130,262,90,166,306
449,68,246,340,72,134,267,78,144,280,38,72,192,42,80,201,32,62,179
450,108,326,420,112,206,355,118,216,368,68,126,258,72,134,267,47,89,212
451,40,190,284,50,94,218,90,166,306,30,58,174,55,103,229,65,121,251
452,70,250,344,90,166,306,110,202,350,60,112,240,75,139,273,95,175,317
453,48,206,300,61,114,243,40,76,196,61,114,243,40,76,196,50,94,218
454,83,276,370,106,195,342,65,121,251,86,159,298,65,121,251,85,157,295
455,74,258,352,100,184,328,72,134,267,90,166,306,72,134,267,46,87,210
456,49,208,302,49,92,216,56,105,232,49,92,216,61,114,243,66,123,254
457,69,248,342,69,128,260,76,141,276,69,128,260,86,159,298,91,168,309
458,45,200,294,20,40,152,50,94,218,60,112,240,120,220,372,50,94,218
459,60,230,324,62,116,245,50,94,218,62,116,245,60,112,240,40,76,196
460,90,290,384,92,170,311,75,139,273,92,170,311,85,157,295,60,112,240
461,70,250,344,120,220,372,65,121,251,45,85,207,85,157,295,125,229,383
462,70,250,344,70,130,262,115,211,361,130,238,394,90,166,306,60,112,240
463,110,330,424,85,157,295,95,175,317,80,148,284,95,175,317,50,94,218
464,115,340,434,140,256,416,130,238,394,55,103,229,55,103,229,40,76,196
465,100,310,404,100,184,328,125,229,383,110,202,350,50,94,218,50,94,218
466,75,260,354,123,225,379,67,125,256,95,175,317,85,157,295,95,175,317
467,75,260,354,95,175,317,67,125,256,125,229,383,95,175,317,83,153,291
468,85,280,374,50,94,218,95,175,317,120,220,372,115,211,361,80,148,284
469,86,282,376,76,141,276,86,159,298,116,213,364,56,105,232,95,175,317
470,65,240,334,110,202,350,130,238,394,60,112,240,65,121,251,95,175,317
471,65,240,334,60,112,240,110,202,350,130,238,394,95,175,317,65,121,251
472,75,260,354,95,175,317,125,229,383,45,85,207,75,139,273,95,175,317
473,110,330,424,130,238,394,80,148,284,70,130,262,60,112,240,80,148,284
474,85,280,374,80,148,284,70,130,262,135,247,405,75,139,273,90,166,306
475,68,246,340,125,229,383,65,121,251,65,121,251,115,211,361,80,148,284
476,60,230,324,55,103,229,145,265,427,75,139,273,150,274,438,40,76,196
477,45,200,294,100,184,328,135,247,405,65,121,251,135,247,405,45,85,207
478,70,250,344,80,148,284,70,130,262,80,148,284,70,130,262,110,202,350
479,50,210,304,50,94,218,77,143,278,95,175,317,77,143,278,91,168,309
480,75,260,354,75,139,273,130,238,394,75,139,273,130,238,394,95,175,317
481,80,270,364,105,193,339,105,193,339,105,193,339,105,193,339,80,148,284
482,75,260,354,125,229,383,70,130,262,125,229,383,70,130,262,115,211,361
483,100,310,404,120,220,372,120,220,372,150,274,438,100,184,328,90,166,306
484,90,290,384,120,220,372,100,184,328,150,274,438,120,220,372,100,184,328
485,91,292,386,90,166,306,106,195,342,130,238,394,106,195,342,77,143,278
486,110,330,424,160,292,460,110,202,350,80,148,284,110,202,350,100,184,328
487,150,410,504,100,184,328,120,220,372,100,184,328,120,220,372,90,166,306
488,120,350,444,70,130,262,110,202,350,75,139,273,120,220,372,85,157,295
489,80,270,364,80,148,284,80,148,284,80,148,284,80,148,284,80,148,284
490,100,310,404,100,184,328,100,184,328,100,184,328,100,184,328,100,184,328
491,70,250,344,90,166,306,90,166,306,135,247,405,90,166,306,125,229,383
492,100,310,404,100,184,328,100,184,328,100,184,328,100,184,328,100,184,328
493,120,350,444,120,220,372,120,220,372,120,220,372,120,220,372,120,220,372
494,100,310,404,100,184,328,100,184,328,100,184,328,100,184,328,100,184,328
495,45,200,294,45,85,207,55,103,229,45,85,207,55,103,229,63,117,247
496,60,230,324,60,112,240,75,139,273,60,112,240,75,139,273,83,153,291
497,75,260,354,75,139,273,95,175,317,75,139,273,95,175,317,113,207,357
498,65,240,334,63,117,247,45,85,207,45,85,207,45,85,207,45,85,207
499,90,290,384,93,171,313,55,103,229,70,130,262,55,103,229,55,103,229
500,110,330,424,123,225,379,65,121,251,100,184,328,65,121,251,65,121,251
501,55,220,314,55,103,229,45,85,207,63,117,247,45,85,207,45,85,207
502,75,260,354,75,139,273,60,112,240,83,153,291,60,112,240,60,112,240
503,95,300,394,100,184,328,85,157,295,108,198,346,70,130,262,70,130,262
504,45,200,294,55,103,229,39,74,194,35,67,185,39,74,194,42,80,201
505,60,230,324,85,157,295,69,128,260,60,112,240,69,128,260,77,143,278
506,45,200,294,60,112,240,45,85,207,25,49,163,45,85,207,55,103,229
507,65,240,334,80,148,284,65,121,251,35,67,185,65,121,251,60,112,240
508,85,280,374,110,202,350,90,166,306,45,85,207,90,166,306,80,148,284
509,41,192,286,50,94,218,37,71,190,50,94,218,37,71,190,66,123,254
510,64,238,332,88,162,302,50,94,218,88,162,302,50,94,218,106,195,342
511,50,210,304,53,99,225,48,90,214,53,99,225,48,90,214,64,119,249
512,75,260,354,98,180,324,63,117,247,98,180,324,63,117,247,101,186,331
513,50,210,304,53,99,225,48,90,214,53,99,225,48,90,214,64,119,249
514,75,260,354,98,180,324,63,117,247,98,180,324,63,117,247,101,186,331
515,50,210,304,53,99,225,48,90,214,53,99,225,48,90,214,64,119,249
516,75,260,354,98,180,324,63,117,247,98,180,324,63,117,247,101,186,331
517,76,262,356,25,49,163,45,85,207,67,125,256,55,103,229,24,47,161
518,116,342,436,55,103,229,85,157,295,107,197,344,95,175,317,29,56,172
519,50,210,304,55,103,229,50,94,218,36,69,188,30,58,174,43,81,203
520,62,234,328,77,143,278,62,116,245,50,94,218,42,80,201,65,121,251
521,80,270,364,115,211,361,80,148,284,65,121,251,55,103,229,93,171,313
522,45,200,294,60,112,240,32,62,179,50,94,218,32,62,179,76,141,276
523,75,260,354,100,184,328,63,117,247,80,148,284,63,117,247,116,213,364
524,55,220,314,75,139,273,85,157,295,25,49,163,25,49,163,15,31,141
525,70,250,344,105,193,339,105,193,339,50,94,218,40,76,196,20,40,152
526,85,280,374,135,247,405,130,238,394,60,112,240,80,148,284,25,49,163
527,65,240,334,45,85,207,43,81,203,55,103,229,43,81,203,72,134,267
528,67,244,338,57,107,234,55,103,229,77,143,278,55,103,229,114,209,359
529,60,230,324,85,157,295,40,76,196,30,58,174,45,85,207,68,126,258
530,110,330,424,135,247,405,60,112,240,50,94,218,65,121,251,88,162,302
531,103,316,410,60,112,240,86,159,298,60,112,240,86,159,298,50,94,218
532,75,260,354,80,148,284,55,103,229,25,49,163,35,67,185,35,67,185
533,85,280,374,105,193,339,85,157,295,40,76,196,50,94,218,40,76,196
534,105,320,414,140,256,416,95,175,317,55,103,229,65,121,251,45,85,207
535,50,210,304,50,94,218,40,76,196,50,94,218,40,76,196,64,119,249
536,75,260,354,65,121,251,55,103,229,65,121,251,55,103,229,69,128,260
537,105,320,414,95,175,317,75,139,273,85,157,295,75,139,273,74,137,271
538,120,350,444,100,184,328,85,157,295,30,58,174,85,157,295,45,85,207
539,75,260,354,125,229,383,75,139,273,30,58,174,75,139,273,85,157,295
540,45,200,294,53,99,225,70,130,262,40,76,196,60,112,240,42,80,201
541,55,220,314,63,117,247,90,166,306,50,94,218,80,148,284,42,80,201
542,75,260,354,103,189,335,80,148,284,70,130,262,80,148,284,92,170,311
543,30,170,264,45,85,207,59,110,238,30,58,174,39,74,194,57,107,234
544,40,190,284,55,103,229,99,182,326,40,76,196,79,146,282,47,89,212
545,60,230,324,100,184,328,89,164,304,55,103,229,69,128,260,112,206,355
546,40,190,284,27,53,168,60,112,240,37,71,190,50,94,218,66,123,254
547,60,230,324,67,125,256,85,157,295,77,143,278,75,139,273,116,213,364
548,45,200,294,35,67,185,50,94,218,70,130,262,50,94,218,30,58,174
549,70,250,344,60,112,240,75,139,273,110,202,350,75,139,273,90,166,306
550,70,250,344,92,170,311,65,121,251,80,148,284,55,103,229,98,180,324
551,50,210,304,72,134,267,35,67,185,35,67,185,35,67,185,65,121,251
552,60,230,324,82,152,289,45,85,207,45,85,207,45,85,207,74,137,271
553,95,300,394,117,215,366,80,148,284,65,121,251,70,130,262,92,170,311
554,70,250,344,90,166,306,45,85,207,15,31,141,45,85,207,50,94,218
555,105,320,414,140,256,416,55,103,229,30,58,174,55,103,229,95,175,317
556,75,260,354,86,159,298,67,125,256,106,195,342,67,125,256,60,112,240
557,50,210,304,65,121,251,85,157,295,35,67,185,35,67,185,55,103,229
558,70,250,344,105,193,339,125,229,383,65,121,251,75,139,273,45,85,207
559,50,210,304,75,139,273,70,130,262,35,67,185,70,130,262,48,90,214
560,65,240,334,90,166,306,115,211,361,45,85,207,115,211,361,58,108,236
561,72,254,348,58,108,236,80,148,284,103,189,335,80,148,284,97,179,322
562,38,186,280,30,58,174,85,157,295,55,103,229,65,121,251,30,58,174
563,58,226,320,50,94,218,145,265,427,95,175,317,105,193,339,30,58,174
564,54,218,312,78,144,280,103,189,335,53,99,225,45,85,207,22,44,157
565,74,258,352,108,198,346,133,243,401,83,153,291,65,121,251,32,62,179
566,55,220,314,112,206,355,45,85,207,74,137,271,45,85,207,70,130,262
567,75,260,354,140,256,416,65,121,251,112,206,355,65,121,251,110,202,350
568,50,210,304,50,94,218,62,116,245,40,76,196,62,116,245,65,121,251
569,80,270,364,95,175,317,82,152,289,60,112,240,82,152,289,75,139,273
570,40,190,284,65,121,251,40,76,196,80,148,284,40,76,196,65,121,251
571,60,230,324,105,193,339,60,112,240,120,220,372,60,112,240,105,193,339
572,55,220,314,50,94,218,40,76,196,40,76,196,40,76,196,75,139,273
573,75,260,354,95,175,317,60,112,240,65,121,251,60,112,240,115,211,361
574,45,200,294,30,58,174,50,94,218,55,103,229,65,121,251,45,85,207
575,60,230,324,45,85,207,70,130,262,75,139,273,85,157,295,55,103,229
576,70,250,344,55,103,229,95,175,317,95,175,317,110,202,350,65,121,251
577,45,200,294,30,58,174,40,76,196,105,193,339,50,94,218,20,40,152
578,65,240,334,40,76,196,50,94,218,125,229,383,60,112,240,30,58,174
579,110,330,424,65,121,251,75,139,273,125,229,383,85,157,295,30,58,174
580,62,234,328,44,83,205,50,94,218,44,83,205,50,94,218,55,103,229
581,75,260,354,87,161,300,63,117,247,87,161,300,63,117,247,98,180,324
582,36,182,276,50,94,218,50,94,218,65,121,251,60,112,240,44,83,205
583,51,212,306,65,121,251,65,121,251,80,148,284,75,139,273,59,110,238
584,71,252,346,95,175,317,85,157,295,110,202,350,95,175,317,79,146,282
585,60,230,324,60,112,240,50,94,218,40,76,196,50,94,218,75,139,273
586,80,270,364,100,184,328,70,130,262,60,112,240,70,130,262,95,175,317
587,55,220,314,75,139,273,60,112,240,75,139,273,60,112,240,103,189,335
588,50,210,304,75,139,273,45,85,207,40,76,196,45,85,207,60,112,240
589,70,250,344,135,247,405,105,193,339,60,112,240,105,193,339,20,40,152
590,69,248,342,55,103,229,45,85,207,55,103,229,55,103,229,15,31,141
591,114,338,432,85,157,295,70,130,262,85,157,295,80,148,284,30,58,174
592,55,220,314,40,76,196,50,94,218,65,121,251,85,157,295,40,76,196
593,100,310,404,60,112,240,70,130,262,85,157,295,105,193,339,60,112,240
594,165,440,534,75,139,273,80,148,284,40,76,196,45,85,207,65,121,251
595,50,210,304,47,89,212,50,94,218,57,107,234,50,94,218,65,121,251
596,70,250,344,77,143,278,60,112,240,97,179,322,60,112,240,108,198,346
597,44,198,292,50,94,218,91,168,309,24,47,161,86,159,298,10,22,130
598,74,258,352,94,173,315,131,240,397,54,101,227,116,213,364,20,40,152
599,40,190,284,55,103,229,70,130,262,45,85,207,60,112,240,30,58,174
600,60,230,324,80,148,284,95,175,317,70,130,262,85,157,295,50,94,218
601,60,230,324,100,184,328,115,211,361,70,130,262,85,157,295,90,166,306
602,35,180,274,55,103,229,40,76,196,45,85,207,40,76,196,60,112,240
603,65,240,334,85,157,295,70,130,262,75,139,273,70,130,262,40,76,196
604,85,280,374,115,211,361,80,148,284,105,193,339,80,148,284,50,94,218
605,55,220,314,55,103,229,55,103,229,85,157,295,55,103,229,30,58,174
606,75,260,354,75,139,273,75,139,273,125,229,383,95,175,317,40,76,196
607,50,210,304,30,58,174,55,103,229,65,121,251,55,103,229,20,40,152
608,60,230,324,40,76,196,60,112,240,95,175,317,60,112,240,55,103,229
609,60,230,324,55,103,229,90,166,306,145,265,427,90,166,306,80,148,284
610,46,202,296,87,161,300,60,112,240,30,58,174,40,76,196,57,107,234
611,66,242,336,117,215,366,70,130,262,40,76,196,50,94,218,67,125,256
612,76,262,356,147,269,432,90,166,306,60,112,240,70,130,262,97,179,322
613,55,220,314,70,130,262,40,76,196,60,112,240,40,76,196,40,76,196
614,95,300,394,130,238,394,80,148,284,70,130,262,80,148,284,50,94,218
615,80,270,364,50,94,218,50,94,218,95,175,317,135,247,405,105,193,339
616,50,210,304,40,76,196,85,157,295,40,76,196,65,121,251,25,49,163
617,80,270,364,70,130,262,40,76,196,100,184,328,60,112,240,145,265,427
618,109,328,422,66,123,254,84,155,293,81,150,287,99,182,326,32,62,179
619,45,200,294,85,157,295,50,94,218,55,103,229,50,94,218,65,121,251
620,65,240,334,125,229,383,60,112,240,95,175,317,60,112,240,105,193,339
621,77,264,358,120,220,372,90,166,306,60,112,240,90,166,306,48,90,214
622,59,228,322,74,137,271,50,94,218,35,67,185,50,94,218,35,67,185
623,89,288,382,124,227,381,80,148,284,55,103,229,80,148,284,55,103,229
624,45,200,294,85,157,295,70,130,262,40,76,196,40,76,196,60,112,240
625,65,240,334,125,229,383,100,184,328,60,112,240,70,130,262,70,130,262
626,95,300,394,110,202,350,95,175,317,40,76,196,95,175,317,55,103,229
627,70,250,344,83,153,291,50,94,218,37,71,190,50,94,218,60,112,240
628,100,310,404,123,225,379,75,139,273,57,107,234,75,139,273,80,148,284
629,70,250,344,55,103,229,75,139,273,45,85,207,65,121,251,60,112,240
630,110,330,424,65,121,251,105,193,339,55,103,229,95,175,317,80,148,284
631,85,280,374,97,179,322,66,123,254,105,193,339,66,123,254,65,121,251
632,58,226,320,109,200,348,112,206,355,48,90,214,48,90,214,109,200,348
633,52,214,308,65,121,251,50,94,218,45,85,207,50,94,218,38,72,192
634,72,254,348,85,157,295,70,130,262,65,121,251,70,130,262,58,108,236
635,92,294,388,105,193,339,90,166,306,125,229,383,90,166,306,98,180,324
636,55,220,314,85,157,295,55,103,229,50,94,218,55,103,229,60,112,240
637,85,280,374,60,112,240,65,121,251,135,247,405,105,193,339,100,184,328
638,91,292,386,90,166,306,129,236,392,90,166,306,72,134,267,108,198,346
639,91,292,386,129,236,392,90,166,306,72,134,267,90,166,306,108,198,346
640,91,292,386,90,166,306,72,134,267,90,166,306,129,236,392,108,198,346
641,79,268,362,115,211,361,70,130,262,125,229,383,80,148,284,111,204,353
642,79,268,362,115,211,361,70,130,262,125,229,383,80,148,284,111,204,353
643,100,310,404,120,220,372,100,184,328,150,274,438,120,220,372,90,166,306
644,100,310,404,150,274,438,120,220,372,120,220,372,100,184,328,90,166,306
645,89,288,382,125,229,383,90,166,306,115,211,361,80,148,284,101,186,331
646,125,360,454,130,238,394,90,166,306,130,238,394,90,166,306,95,175,317
647,91,292,386,72,134,267,90,166,306,129,236,392,90,166,306,108,198,346
648,100,310,404,77,143,278,77,143,278,128,234,390,128,234,390,90,166,306
649,71,252,346,120,220,372,95,175,317,120,220,372,95,175,317,99,182,326
650,56,222,316,61,114,243,65,121,251,48,90,214,45,85,207,38,72,192
651,61,232,326,78,144,280,95,175,317,56,105,232,58,108,236,57,107,234
652,88,286,380,107,197,344,122,224,377,74,137,271,75,139,273,64,119,249
653,40,190,284,45,85,207,40,76,196,62,116,245,60,112,240,60,112,240
654,59,228,322,59,110,238,58,108,236,90,166,306,70,130,262,73,135,269
655,75,260,354,69,128,260,72,134,267,114,209,359,100,184,328,104,191,337
656,41,192,286,56,105,232,40,76,196,62,116,245,44,83,205,71,132,265
657,54,218,312,63,117,247,52,98,223,83,153,291,56,105,232,97,179,322
658,72,254,348,95,175,317,67,125,256,103,189,335,71,132,265,122,224,377
659,38,186,280,36,69,188,38,72,192,32,62,179,36,69,188,57,107,234
660,85,280,374,56,105,232,77,143,278,50,94,218,77,143,278,78,144,280
661,45,200,294,50,94,218,43,81,203,40,76,196,38,72,192,62,116,245
662,62,234,328,73,135,269,55,103,229,56,105,232,52,98,223,84,155,293
663,78,266,360,81,150,287,71,132,265,74,137,271,69,128,260,126,231,386
664,38,186,280,35,67,185,40,76,196,27,53,168,25,49,163,35,67,185
665,45,200,294,22,44,157,60,112,240,27,53,168,30,58,174,29,56,172
666,80,270,364,52,98,223,50,94,218,90,166,306,50,94,218,89,164,304
667,62,234,328,50,94,218,58,108,236,73,135,269,54,101,227,72,134,267
668,86,282,376,68,126,258,72,134,267,109,200,348,66,123,254,106,195,342
669,44,198,292,38,72,192,39,74,194,61,114,243,79,146,282,42,80,201
670,54,218,312,45,85,207,47,89,212,75,139,273,98,180,324,52,98,223
671,78,266,360,65,121,251,68,126,258,112,206,355,154,281,447,75,139,273
672,66,242,336,65,121,251,48,90,214,62,116,245,57,107,234,52,98,223
673,123,356,450,100,184,328,62,116,245,97,179,322,81,150,287,68,126,258
674,67,244,338,82,152,289,62,116,245,46,87,210,48,90,214,43,81,203
675,95,300,394,124,227,381,78,144,280,69,128,260,71,132,265,58,108,236
676,75,260,354,80,148,284,60,112,240,65,121,251,90,166,306,102,188,333
677,62,234,328,48,90,214,54,101,227,63,117,247,60,112,240,68,126,258
678,74,258,352,48,90,214,76,141,276,83,153,291,81,150,287,104,191,337
679,45,200,294,80,148,284,100,184,328,35,67,185,37,71,190,28,54,170
680,59,228,322,110,202,350,150,274,438,45,85,207,49,92,216,35,67,185
681,60,230,324,50,94,218,140,256,416,50,94,218,140,256,416,60,112,240
682,78,266,360,52,98,223,60,112,240,63,117,247,65,121,251,23,45,159
683,101,312,406,72,134,267,72,134,267,99,182,326,89,164,304,29,56,172
684,62,234,328,48,90,214,66,123,254,59,110,238,57,107,234,49,92,216
685,82,274,368,80,148,284,86,159,298,85,157,295,75,139,273,72,134,267
686,53,216,310,54,101,227,53,99,225,37,71,190,46,87,210,45,85,207
687,86,282,376,92,170,311,88,162,302,68,126,258,75,139,273,73,135,269
688,42,194,288,52,98,223,67,125,256,39,74,194,56,105,232,50,94,218
689,72,254,348,105,193,339,115,211,361,54,101,227,86,159,298,68,126,258
690,50,210,304,60,112,240,60,112,240,60,112,240,60,112,240,30,58,174
691,65,240,334,75,139,273,90,166,306,97,179,322,123,225,379,44,83,205
692,50,210,304,53,99,225,62,116,245,58,108,236,63,117,247,44,83,205
693,71,252,346,73,135,269,88,162,302,120,220,372,89,164,304,59,110,238
694,44,198,292,38,72,192,33,63,181,61,114,243,43,81,203,70,130,262
695,62,234,328,55,103,229,52,98,223,109,200,348,94,173,315,109,200,348
696,58,226,320,89,164,304,77,143,278,45,85,207,45,85,207,48,90,214
697,82,274,368,121,222,375,119,218,370,69,128,260,59,110,238,71,132,265
698,77,264,358,59,110,238,50,94,218,67,125,256,63,117,247,46,87,210
699,123,356,450,77,143,278,72,134,267,99,182,326,92,170,311,58,108,236
700,95,300,394,65,121,251,65,121,251,110,202,350,130,238,394,60,112,240
701,78,266,360,92,170,311,75,139,273,74,137,271,63,117,247,118,216,368
702,67,244,338,58,108,236,57,107,234,81,150,287,67,125,256,101,186,331
703,50,210,304,50,94,218,150,274,438,50,94,218,150,274,438,50,94,218
704,45,200,294,50,94,218,35,67,185,55,103,229,75,139,273,40,76,196
705,68,246,340,75,139,273,53,99,225,83,153,291,113,207,357,60,112,240
706,90,290,384,100,184,328,70,130,262,110,202,350,150,274,438,80,148,284
707,57,224,318,80,148,284,91,168,309,80,148,284,87,161,300,75,139,273
708,43,196,290,70,130,262,48,90,214,50,94,218,60,112,240,38,72,192
709,85,280,374,110,202,350,76,141,276,65,121,251,82,152,289,56,105,232
710,49,208,302,66,123,254,70,130,262,44,83,205,55,103,229,51,96,221
711,65,240,334,90,166,306,122,224,377,58,108,236,75,139,273,84,155,293
712,55,220,314,69,128,260,85,157,295,32,62,179,35,67,185,28,54,170
713,95,300,394,117,215,366,184,335,513,44,83,205,46,87,210,28,54,170
714,40,190,284,30,58,174,35,67,185,45,85,207,40,76,196,55,103,229
715,85,280,374,70,130,262,80,148,284,97,179,322,80,148,284,123,225,379
716,126,362,456,131,240,397,95,175,317,131,240,397,98,180,324,99,182,326
717,126,362,456,131,240,397,95,175,317,131,240,397,98,180,324,99,182,326
718,108,326,420,100,184,328,121,222,375,81,150,287,95,175,317,95,175,317
719,50,210,304,100,184,328,150,274,438,100,184,328,150,274,438,50,94,218
720,80,270,364,110,202,350,60,112,240,150,274,438,130,238,394,70,130,262
721,80,270,364,110,202,350,120,220,372,130,238,394,90,166,306,70,130,262
722,68,246,340,55,103,229,55,103,229,50,94,218,50,94,218,42,80,201
723,78,266,360,75,139,273,75,139,273,70,130,262,70,130,262,52,98,223
724,78,266,360,107,197,344,75,139,273,100,184,328,100,184,328,70,130,262
725,45,200,294,65,121,251,40,76,196,60,112,240,40,76,196,70,130,262
726,65,240,334,85,157,295,50,94,218,80,148,284,50,94,218,90,166,306
727,95,300,394,115,211,361,90,166,306,80,148,284,90,166,306,60,112,240
728,50,210,304,54,101,227,54,101,227,66,123,254,56,105,232,40,76,196
729,60,230,324,69,128,260,69,128,260,91,168,309,81,150,287,50,94,218
730,80,270,364,74,137,271,74,137,271,126,231,386,116,213,364,60,112,240
731,35,180,274,75,139,273,30,58,174,30,58,174,30,58,174,65,121,251
732,55,220,314,85,157,295,50,94,218,40,76,196,50,94,218,75,139,273
733,80,270,364,120,220,372,75,139,273,75,139,273,75,139,273,60,112,240
734,48,206,300,70,130,262,30,58,174,30,58,174,30,58,174,45,85,207
735,88,286,380,110,202,350,60,112,240,55,103,229,60,112,240,45,85,207
736,47,204,298,62,116,245,45,85,207,55,103,229,45,85,207,46,87,210
737,57,224,318,82,152,289,95,175,317,55,103,229,75,139,273,36,69,188
738,77,264,358,70,130,262,90,166,306,145,265,427,75,139,273,43,81,203
739,47,204,298,82,152,289,57,107,234,42,80,201,47,89,212,63,117,247
740,97,304,398,132,242,399,77,143,278,62,116,245,67,125,256,43,81,203
741,75,260,354,70,130,262,70,130,262,98,180,324,70,130,262,93,171,313
742,40,190,284,45,85,207,40,76,196,55,103,229,40,76,196,84,155,293
743,60,230,324,55,103,229,60,112,240,95,175,317,70,130,262,124,227,381
744,45,200,294,65,121,251,40,76,196,30,58,174,40,76,196,60,112,240
745,75,260,354,115,211,361,65,121,251,55,103,229,65,121,251,112,206,355
746,45,200,294,20,40,152,20,40,152,25,49,163,25,49,163,40,76,196
747,50,210,304,53,99,225,62,116,245,43,81,203,52,98,223,45,85,207
748,50,210,304,63,117,247,152,278,443,53,99,225,142,260,421,35,67,185
749,70,250,344,100,184,328,70,130,262,45,85,207,55,103,229,45,85,207
750,100,310,404,125,229,383,100,184,328,55,103,229,85,157,295,35,67,185
751,38,186,280,40,76,196,52,98,223,40,76,196,72,134,267,27,53,168
752,68,246,340,70,130,262,92,170,311,50,94,218,132,242,399,42,80,201
753,40,190,284,55,103,229,35,67,185,50,94,218,35,67,185,35,67,185
754,70,250,344,105,193,339,90,166,306,80,148,284,90,166,306,45,85,207
755,40,190,284,35,67,185,55,103,229,65,121,251,75,139,273,15,31,141
756,60,230,324,45,85,207,80,148,284,90,166,306,100,184,328,30,58,174
757,48,206,300,44,83,205,40,76,196,71,132,265,40,76,196,77,143,278
758,68,246,340,64,119,249,60,112,240,111,204,353,60,112,240,117,215,366
759,70,250,344,75,139,273,50,94,218,45,85,207,50,94,218,50,94,218
760,120,350,444,125,229,383,80,148,284,55,103,229,60,112,240,60,112,240
761,42,194,288,30,58,174,38,72,192,30,58,174,38,72,192,32,62,179
762,52,214,308,40,76,196,48,90,214,40,76,196,48,90,214,62,116,245
763,72,254,348,120,220,372,98,180,324,50,94,218,98,180,324,72,134,267
764,51,212,306,52,98,223,90,166,306,82,152,289,110,202,350,100,184,328
765,90,290,384,60,112,240,80,148,284,90,166,306,110,202,350,60,112,240
766,100,310,404,120,220,372,90,166,306,40,76,196,60,112,240,80,148,284
767,25,160,254,35,67,185,40,76,196,20,40,152,30,58,174,80,148,284
768,75,260,354,125,229,383,140,256,416,60,112,240,90,166,306,40,76,196
769,55,220,314,55,103,229,80,148,284,70,130,262,45,85,207,15,31,141
770,85,280,374,75,139,273,110,202,350,100,184,328,75,139,273,35,67,185
771,55,220,314,60,112,240,130,238,394,30,58,174,130,238,394,5,13,119
772,95,300,394,95,175,317,95,175,317,95,175,317,95,175,317,59,110,238
773,95,300,394,95,175,317,95,175,317,95,175,317,95,175,317,95,175,317
774,60,230,324,60,112,240,100,184,328,60,112,240,100,184,328,60,112,240
775,65,240,334,115,211,361,65,121,251,75,139,273,95,175,317,65,121,251
776,60,230,324,78,144,280,135,247,405,91,168,309,85,157,295,36,69,188
777,65,240,334,98,180,324,63,117,247,40,76,196,73,135,269,96,177,320
778,55,220,314,90,166,306,80,148,284,50,94,218,105,193,339,96,177,320
779,68,246,340,105,193,339,70,130,262,70,130,262,70,130,262,92,170,311
780,78,266,360,60,112,240,85,157,295,135,247,405,91,168,309,36,69,188
781,70,250,344,131,240,397,100,184,328,86,159,298,90,166,306,40,76,196
782,45,200,294,55,103,229,65,121,251,45,85,207,45,85,207,45,85,207
783,55,220,314,75,139,273,90,166,306,65,121,251,70,130,262,65,121,251
784,75,260,354,110,202,350,125,229,383,100,184,328,105,193,339,85,157,295
785,70,250,344,115,211,361,85,157,295,95,175,317,75,139,273,130,238,394
786,70,250,344,85,157,295,75,139,273,130,238,394,115,211,361,95,175,317
787,70,250,344,130,238,394,115,211,361,85,157,295,95,175,317,75,139,273
788,70,250,344,75,139,273,115,211,361,95,175,317,130,238,394,85,157,295
789,43,196,290,29,56,172,31,60,177,29,56,172,31,60,177,37,71,190
790,43,196,290,29,56,172,131,240,397,29,56,172,131,240,397,37,71,190
791,137,384,478,137,251,410,107,197,344,113,207,357,89,164,304,97,179,322
792,137,384,478,113,207,357,89,164,304,137,251,410,107,197,344,97,179,322
793,109,328,422,53,99,225,47,89,212,127,233,388,131,240,397,103,189,335
794,107,324,418,139,254,414,139,254,414,53,99,225,53,99,225,79,146,282
795,71,252,346,137,251,410,37,71,190,137,251,410,37,71,190,151,276,441
796,83,276,370,89,164,304,71,132,265,173,315,489,71,132,265,83,153,291
797,97,304,398,101,186,331,103,189,335,107,197,344,101,186,331,61,114,243
798,59,228,322,181,330,507,131,240,397,59,110,238,31,60,177,109,200,348
799,223,556,650,101,186,331,53,99,225,97,179,322,53,99,225,43,81,203
800,97,304,398,107,197,344,101,186,331,127,233,388,89,164,304,79,146,282
801,80,270,364,95,175,317,115,211,361,130,238,394,115,211,361,65,121,251
802,90,290,384,125,229,383,80,148,284,90,166,306,90,166,306,125,229,383
803,67,244,338,73,135,269,67,125,256,73,135,269,67,125,256,73,135,269
804,73,256,350,73,135,269,73,135,269,127,233,388,73,135,269,121,222,375
805,61,232,326,131,240,397,211,384,573,53,99,225,101,186,331,13,27,137
806,53,216,310,127,233,388,53,99,225,151,276,441,79,146,282,107,197,344
807,88,286,380,112,206,355,75,139,273,102,188,333,80,148,284,143,261,423
808,46,202,296,65,121,251,65,121,251,55,103,229,35,67,185,34,65,183
809,135,380,474,143,261,423,143,261,423,80,148,284,65,121,251,34,65,183
810,50,210,304,65,121,251,50,94,218,40,76,196,40,76,196,65,121,251
811,70,250,344,85,157,295,70,130,262,55,103,229,60,112,240,80,148,284
812,100,310,404,125,229,383,90,166,306,60,112,240,70,130,262,85,157,295
813,50,210,304,71,132,265,40,76,196,40,76,196,40,76,196,69,128,260
814,65,240,334,86,159,298,60,112,240,55,103,229,60,112,240,94,173,315
815,80,270,364,116,213,364,75,139,273,65,121,251,75,139,273,119,218,370
816,50,210,304,40,76,196,40,76,196,70,130,262,40,76,196,70,130,262
817,65,240,334,60,112,240,55,103,229,95,175,317,55,103,229,90,166,306
818,70,250,344,85,157,295,65,121,251,125,229,383,65,121,251,120,220,372
819,70,250,344,55,103,229,55,103,229,35,67,185,35,67,185,25,49,163
820,120,350,444,95,175,317,95,175,317,55,103,229,75,139,273,20,40,152
821,38,186,280,47,89,212,35,67,185,33,63,181,35,67,185,57,107,234
822,68,246,340,67,125,256,55,103,229,43,81,203,55,103,229,77,143,278
823,98,306,400,87,161,300,105,193,339,53,99,225,85,157,295,67,125,256
824,25,160,254,20,40,152,20,40,152,25,49,163,45,85,207,45,85,207
825,50,210,304,35,67,185,80,148,284,50,94,218,90,166,306,30,58,174
826,60,230,324,45,85,207,110,202,350,80,148,284,120,220,372,90,166,306
827,40,190,284,28,54,170,28,54,170,47,89,212,52,98,223,50,94,218
828,70,250,344,58,108,236,58,108,236,87,161,300,92,170,311,90,166,306
829,40,190,284,40,76,196,60,112,240,40,76,196,60,112,240,10,22,130
830,60,230,324,50,94,218,90,166,306,80,148,284,120,220,372,60,112,240
831,42,194,288,40,76,196,55,103,229,40,76,196,45,85,207,48,90,214
832,72,254,348,80,148,284,100,184,328,60,112,240,90,166,306,88,162,302
833,50,210,304,64,119,249,50,94,218,38,72,192,38,72,192,44,83,205
834,90,290,384,115,211,361,90,166,306,48,90,214,68,126,258,74,137,271
835,59,228,322,45,85,207,50,94,218,40,76,196,50,94,218,26,51,166
836,69,248,342,90,166,306,60,112,240,90,166,306,60,112,240,121,222,375
837,30,170,264,40,76,196,50,94,218,40,76,196,50,94,218,30,58,174
838,80,270,364,60,112,240,90,166,306,60,112,240,70,130,262,50,94,218
839,110,330,424,80,148,284,120,220,372,80,148,284,90,166,306,30,58,174
840,40,190,284,40,76,196,80,148,284,40,76,196,40,76,196,20,40,152
841,70,250,344,110,202,350,80,148,284,95,175,317,60,112,240,70,130,262
842,110,330,424,85,157,295,80,148,284,100,184,328,80,148,284,30,58,174
843,52,214,308,57,107,234,75,139,273,35,67,185,50,94,218,46,87,210
844,72,254,348,107,197,344,125,229,383,65,121,251,70,130,262,71,132,265
845,70,250,344,85,157,295,55,103,229,85,157,295,95,175,317,85,157,295
846,41,192,286,63,117,247,40,76,196,40,76,196,30,58,174,66,123,254
847,61,232,326,123,225,379,60,112,240,60,112,240,50,94,218,136,249,408
848,40,190,284,38,72,192,35,67,185,54,101,227,35,67,185,40,76,196
849,75,260,354,98,180,324,70,130,262,114,209,359,70,130,262,75,139,273
850,50,210,304,65,121,251,45,85,207,50,94,218,50,94,218,45,85,207
851,100,310,404,115,211,361,65,121,251,90,166,306,90,166,306,65,121,251
852,50,210,304,68,126,258,60,112,240,50,94,218,50,94,218,32,62,179
853,80,270,364,118,216,368,90,166,306,70,130,262,80,148,284,42,80,201
854,40,190,284,45,85,207,45,85,207,74,137,271,54,101,227,50,94,218
855,60,230,324,65,121,251,65,121,251,134,245,403,114,209,359,70,130,262
856,42,194,288,30,58,174,45,85,207,56,105,232,53,99,225,39,74,194
857,57,224,318,40,76,196,65,121,251,86,159,298,73,135,269,49,92,216
858,57,224,318,90,166,306,95,175,317,136,249,408,103,189,335,29,56,172
859,45,200,294,45,85,207,30,58,174,55,103,229,40,76,196,50,94,218
860,65,240,334,60,112,240,45,85,207,75,139,273,55,103,229,70,130,262
861,95,300,394,120,220,372,65,121,251,95,175,317,75,139,273,60,112,240
862,93,296,390,90,166,306,101,186,331,60,112,240,81,150,287,95,175,317
863,70,250,344,110,202,350,100,184,328,50,94,218,60,112,240,50,94,218
864,60,230,324,95,175,317,50,94,218,145,265,427,130,238,394,30,58,174
865,62,234,328,135,247,405,95,175,317,68,126,258,82,152,289,65,121,251
866,80,270,364,85,157,295,75,139,273,110,202,350,100,184,328,70,130,262
867,58,226,320,95,175,317,145,265,427,50,94,218,105,193,339,30,58,174
868,45,200,294,40,76,196,40,76,196,50,94,218,61,114,243,34,65,183
869,65,240,334,60,112,240,75,139,273,110,202,350,121,222,375,64,119,249
870,65,240,334,100,184,328,100,184,328,70,130,262,60,112,240,75,139,273
871,48,206,300,101,186,331,95,175,317,91,168,309,85,157,295,15,31,141
872,30,170,264,25,49,163,35,67,185,45,85,207,30,58,174,20,40,152
873,70,250,344,65,121,251,60,112,240,125,229,383,90,166,306,65,121,251
874,100,310,404,125,229,383,135,247,405,20,40,152,20,40,152,70,130,262
875,75,260,354,80,148,284,110,202,350,65,121,251,90,166,306,50,94,218
876,60,230,324,65,121,251,55,103,229,105,193,339,95,175,317,95,175,317
877,58,226,320,95,175,317,58,108,236,70,130,262,58,108,236,97,179,322
878,72,254,348,80,148,284,49,92,216,40,76,196,49,92,216,40,76,196
879,122,354,448,130,238,394,69,128,260,80,148,284,69,128,260,30,58,174
880,90,290,384,100,184,328,90,166,306,80,148,284,70,130,262,75,139,273
881,90,290,384,100,184,328,90,166,306,90,166,306,80,148,284,55,103,229
882,90,290,384,90,166,306,100,184,328,70,130,262,80,148,284,75,139,273
883,90,290,384,90,166,306,100,184,328,80,148,284,90,166,306,55,103,229
884,70,250,344,95,175,317,115,211,361,120,220,372,50,94,218,85,157,295
885,28,166,260,60,112,240,30,58,174,40,76,196,30,58,174,82,152,289
886,68,246,340,80,148,284,50,94,218,60,112,240,50,94,218,102,188,333
887,88,286,380,120,220,372,75,139,273,100,184,328,75,139,273,142,260,421
888,92,294,388,120,220,372,115,211,361,80,148,284,115,211,361,138,252,412
889,92,294,388,120,220,372,115,211,361,80,148,284,115,211,361,138,252,412
890,140,390,484,85,157,295,95,175,317,145,265,427,95,175,317,130,238,394
891,60,230,324,90,166,306,60,112,240,53,99,225,50,94,218,72,134,267
892,100,310,404,130,238,394,100,184,328,63,117,247,60,112,240,97,179,322
893,105,320,414,120,220,372,105,193,339,70,130,262,95,175,317,105,193,339
894,80,270,364,100,184,328,50,94,218,100,184,328,50,94,218,200,364,548
895,200,510,604,100,184,328,50,94,218,100,184,328,50,94,218,80,148,284
896,100,310,404,145,265,427,130,238,394,65,121,251,110,202,350,30,58,174
897,100,310,404,65,121,251,60,112,240,145,265,427,80,148,284,130,238,394
898,100,310,404,80,148,284,80,148,284,80,148,284,80,148,284,80,148,284
899,103,316,410,105,193,339,72,134,267,105,193,339,75,139,273,65,121,251
900,70,250,344,135,247,405,95,175,317,45,85,207,70,130,262,85,157,295
901,130,370,464,140,256,416,105,193,339,45,85,207,80,148,284,50,94,218
902,120,350,444,112,206,355,65,121,251,80,148,284,75,139,273,78,144,280
903,80,270,364,130,238,394,60,112,240,40,76,196,80,148,284,120,220,372
904,85,280,374,115,211,361,95,175,317,65,121,251,65,121,251,85,157,295
905,74,258,352,115,211,361,70,130,262,135,247,405,80,148,284,106,195,342
906,40,190,284,61,114,243,54,101,227,45,85,207,45,85,207,65,121,251
907,61,232,326,80,148,284,63,117,247,60,112,240,63,117,247,83,153,291
908,76,262,356,110,202,350,70,130,262,81,150,287,70,130,262,123,225,379
909,67,244,338,45,85,207,59,110,238,63,117,247,40,76,196,36,69,188
910,81,272,366,55,103,229,78,144,280,90,166,306,58,108,236,49,92,216
911,104,318,412,75,139,273,100,184,328,110,202,350,75,139,273,66,123,254
912,55,220,314,65,121,251,45,85,207,50,94,218,45,85,207,50,94,218
913,70,250,344,85,157,295,65,121,251,65,121,251,60,112,240,65,121,251
914,85,280,374,120,220,372,80,148,284,85,157,295,75,139,273,85,157,295
915,54,218,312,45,85,207,40,76,196,35,67,185,45,85,207,35,67,185
916,110,330,424,100,184,328,75,139,273,59,110,238,80,148,284,65,121,251
917,35,180,274,41,78,199,45,85,207,29,56,172,40,76,196,20,40,152
918,60,230,324,79,146,282,92,170,311,52,98,223,86,159,298,35,67,185
919,33,176,270,46,87,210,40,76,196,21,42,155,25,49,163,45,85,207
920,71,252,346,102,188,333,78,144,280,52,98,223,55,103,229,92,170,311
921,45,200,294,50,94,218,20,40,152,40,76,196,25,49,163,60,112,240
922,60,230,324,75,139,273,40,76,196,50,94,218,40,76,196,85,157,295
923,70,250,344,115,211,361,70,130,262,70,130,262,60,112,240,105,193,339
924,50,210,304,50,94,218,45,85,207,40,76,196,45,85,207,75,139,273
925,74,258,352,75,139,273,70,130,262,65,121,251,75,139,273,111,204,353
926,37,184,278,55,103,229,70,130,262,30,58,174,55,103,229,65,121,251
927,57,224,318,80,148,284,115,211,361,50,94,218,80,148,284,95,175,317
928,41,192,286,35,67,185,45,85,207,58,108,236,51,96,221,30,58,174
929,52,214,308,53,99,225,60,112,240,78,144,280,78,144,280,33,63,181
930,78,266,360,69,128,260,90,166,306,125,229,383,109,200,348,39,74,194
931,82,274,368,96,177,320,51,96,221,45,85,207,51,96,221,92,170,311
932,55,220,314,55,103,229,75,139,273,35,67,185,35,67,185,25,49,163
933,60,230,324,60,112,240,100,184,328,35,67,185,65,121,251,35,67,185
934,100,310,404,100,184,328,130,238,394,45,85,207,90,166,306,35,67,185
935,40,190,284,50,94,218,40,76,196,50,94,218,40,76,196,35,67,185
936,85,280,374,60,112,240,100,184,328,125,229,383,80,148,284,75,139,273
937,75,260,354,125,229,383,80,148,284,60,112,240,100,184,328,85,157,295
938,61,232,326,31,60,177,41,78,199,59,110,238,35,67,185,45,85,207
939,109,328,422,64,119,249,91,168,309,103,189,335,83,153,291,45,85,207
940,40,190,284,40,76,196,35,67,185,55,103,229,40,76,196,70,130,262
941,70,250,344,70,130,262,60,112,240,105,193,339,60,112,240,125,229,383
942,60,230,324,78,144,280,60,112,240,40,76,196,51,96,221,51,96,221
943,80,270,364,120,220,372,90,166,306,60,112,240,70,130,262,85,157,295
944,40,190,284,65,121,251,35,67,185,40,76,196,35,67,185,75,139,273
945,63,236,330,95,175,317,65,121,251,80,148,284,72,134,267,110,202,350
946,40,190,284,65,121,251,30,58,174,45,85,207,35,67,185,60,112,240
947,55,220,314,115,211,361,70,130,262,80,148,284,70,130,262,90,166,306
948,40,190,284,40,76,196,35,67,185,50,94,218,100,184,328,70,130,262
949,80,270,364,70,130,262,65,121,251,80,148,284,120,220,372,100,184,328
950,70,250,344,100,184,328,115,211,361,35,67,185,55,103,229,75,139,273
951,50,210,304,62,116,245,40,76,196,62,116,245,40,76,196,50,94,218
952,65,240,334,108,198,346,65,121,251,108,198,346,65,121,251,75,139,273
953,41,192,286,50,94,218,60,112,240,31,60,177,58,108,236,30,58,174
954,75,260,354,50,94,218,85,157,295,115,211,361,100,184,328,45,85,207
955,30,170,264,35,67,185,30,58,174,55,103,229,30,58,174,75,139,273
956,95,300,394,60,112,240,60,112,240,101,186,331,60,112,240,105,193,339
957,50,210,304,45,85,207,45,85,207,35,67,185,64,119,249,58,108,236
958,65,240,334,55,103,229,55,103,229,45,85,207,82,152,289,78,144,280
959,85,280,374,75,139,273,77,143,278,70,130,262,105,193,339,94,173,315
960,10,130,224,55,103,229,25,49,163,35,67,185,25,49,163,95,175,317
961,35,180,274,100,184,328,50,94,218,50,94,218,70,130,262,120,220,372
962,70,250,344,103,189,335,85,157,295,60,112,240,85,157,295,82,152,289
963,70,250,344,45,85,207,40,76,196,45,85,207,40,76,196,75,139,273
964,100,310,404,70,130,262,72,134,267,53,99,225,62,116,245,100,184,328
965,45,200,294,70,130,262,63,117,247,30,58,174,45,85,207,47,89,212
966,80,270,364,119,218,370,90,166,306,54,101,227,67,125,256,90,166,306
967,70,250,344,95,175,317,65,121,251,85,157,295,65,121,251,121,222,375
968,70,250,344,85,157,295,145,265,427,60,112,240,55,103,229,65,121,251
969,48,206,300,35,67,185,42,80,201,105,193,339,60,112,240,60,112,240
970,83,276,370,55,103,229,90,166,306,130,238,394,81,150,287,86,159,298
971,50,210,304,61,114,243,60,112,240,30,58,174,55,103,229,34,65,183
972,72,254,348,101,186,331,100,184,328,50,94,218,97,179,322,68,126,258
973,82,274,368,115,211,361,74,137,271,75,139,273,64,119,249,90,166,306
974,108,326,420,68,126,258,45,85,207,30,58,174,40,76,196,43,81,203
975,170,450,544,113,207,357,65,121,251,45,85,207,55,103,229,73,135,269
976,90,290,384,102,188,333,73,135,269,78,144,280,65,121,251,70,130,262
977,150,410,504,100,184,328,115,211,361,65,121,251,65,121,251,35,67,185
978,68,246,340,50,94,218,60,112,240,120,220,372,95,175,317,82,152,289
979,110,330,424,115,211,361,80,148,284,50,94,218,90,166,306,90,166,306
980,130,370,464,75,139,273,60,112,240,45,85,207,100,184,328,20,40,152
981,120,350,444,90,166,306,70,130,262,110,202,350,70,130,262,60,112,240
982,125,360,454,100,184,328,80,148,284,85,157,295,75,139,273,55,103,229
983,100,310,404,135,247,405,120,220,372,60,112,240,85,157,295,50,94,218
984,115,340,434,131,240,397,131,240,397,53,99,225,53,99,225,87,161,300
985,115,340,434,65,121,251,99,182,326,65,121,251,115,211,361,111,204,353
986,111,332,426,127,233,388,99,182,326,79,146,282,99,182,326,55,103,229
987,55,220,314,55,103,229,55,103,229,135,247,405,135,247,405,135,247,405
988,85,280,374,135,247,405,79,146,282,85,157,295,105,193,339,81,150,287
989,85,280,374,81,150,287,97,179,322,121,222,375,85,157,295,101,186,331
990,90,290,384,112,206,355,120,220,372,72,134,267,70,130,262,106,195,342
991,56,222,316,80,148,284,114,209,359,124,227,381,60,112,240,136,249,408
992,154,418,512,140,256,416,108,198,346,50,94,218,68,126,258,50,94,218
993,94,298,392,80,148,284,86,159,298,122,224,377,80,148,284,108,198,346
994,80,270,364,70,130,262,60,112,240,140,256,416,110,202,350,110,202,350
995,100,310,404,134,245,403,110,202,350,70,130,262,84,155,293,72,134,267
996,65,240,334,75,139,273,45,85,207,35,67,185,45,85,207,55,103,229
997,90,290,384,95,175,317,66,123,254,45,85,207,65,121,251,62,116,245
998,115,340,434,145,265,427,92,170,311,75,139,273,86,159,298,87,161,300
999,45,200,294,30,58,174,70,130,262,75,139,273,70,130,262,10,22,130
1000,87,284,378,60,112,240,95,175,317,133,243,401,91,168,309,84,155,293
1001,85,280,374,85,157,295,100,184,328,95,175,317,135,247,405,70,130,262
1002,80,270,364,120,220,372,80,148,284,90,166,306,65,121,251,135,247,405
1003,155,420,514,110,202,350,125,229,383,55,103,229,80,148,284,45,85,207
1004,55,220,314,80,148,284,80,148,284,135,247,405,120,220,372,100,184,328
1005,105,320,414,139,254,414,71,132,265,55,103,229,101,186,331,119,218,370
1006,74,258,352,130,238,394,90,166,306,120,220,372,60,112,240,116,213,364
1007,100,310,404,135,247,405,115,211,361,85,157,295,100,184,328,135,247,405
1008,100,310,404,85,157,295,100,184,328,135,247,405,115,211,361,135,247,405
1009,99,308,402,83,153,291,91,168,309,125,229,383,83,153,291,109,200,348
1010,90,290,384,130,238,394,88,162,302,70,130,262,108,198,346,104,191,337
